<?xml version="1.0" encoding="UTF-8" standalone="yes"?>
<businessObjectModel>
    <businessObjects>
        <businessObject qualifiedName="com.company.model.BO1">
            <fields>
                <field name="nom" type="STRING" nullable="true" length="255"/>
                <field name="entier" type="INTEGER" nullable="true" length="255"/>
                <field name="db" type="DOUBLE" nullable="true" length="255"/>
                <field name="texte" type="TEXT" nullable="true" length="255"/>
                <field name="droit" type="BOOLEAN" nullable="true" length="255"/>
                <field name="quand" type="DATE" nullable="true" length="255"/>
            </fields>
            <uniqueConstraints/>
            <queries/>
        </businessObject>
        <businessObject qualifiedName="com.company.model.PurchaseOrder">
            <fields>
                <field name="client" type="STRING" nullable="false" length="128" collection="false"/>
                <field name="description" type="STRING" nullable="true" length="255" collection="false"/>
            </fields>
            <uniqueConstraints/>
            <queries/>
        </businessObject>
    </businessObjects>
</businessObjectModel>
